Unnamed: 0,dt,order_id,waybill_id,courier_id,da_id,is_courier_grabbed,is_weekend,estimate_arrived_time,is_prebook,poi_id,sender_lng,sender_lat,recipient_lng,recipient_lat,grab_lng,grab_lat,dispatch_time,grab_time,fetch_time,estimate_meal_prepare_time,arrive_time,order_push_time,platform_order_time,interval,group_id
2638,20221023,2638,2638,1223,6,1,1,2022-10-23 09:51:22,0,552,174.939345,46.043587,174.963537,46.052315,174939397.0,46043614.0,1666516913.0,1666517077.0,1666517691.0,1666516868.0,2022-10-23 09:45:52,1666516882.0,2022-10-23 09:21:08,2022-10-23 09:20:00,
2639,20221023,2639,2639,1792,18,1,1,2022-10-23 09:51:22,0,186,174.566617,45.769654,174.563492,45.765831,174585145.0,45767935.0,1666516892.0,1666516899.0,1666517489.0,1666516878.0,2022-10-23 09:34:59,1666516883.0,2022-10-23 09:21:18,2022-10-23 09:20:00,
2641,20221023,2641,2641,1319,16,1,1,2022-10-23 09:53:57,0,421,174.63443,45.87892,174.633986,45.880183,174641701.0,45876094.0,1666516946.0,1666516958.0,1666518020.0,1666516906.0,2022-10-23 09:46:10,1666516930.0,2022-10-23 09:21:46,2022-10-23 09:20:00,
5848,20221023,5837,5848,2831,18,1,1,2022-10-23 09:51:14,0,2041,174.560799,45.768464,174.556955,45.749624,174560389.0,45770118.0,1666516823.0,1666517010.0,1666517595.0,1666516801.0,2022-10-23 09:47:17,1666516819.0,2022-10-23 09:20:01,2022-10-23 09:20:00,
25393,20221023,25189,25393,2962,13,1,1,2022-10-23 10:23:22,0,216,174.577992,45.893484,174.570452,45.919513,174578026.0,45898886.0,1666517396.0,1666517411.0,1666518111.0,1666516865.0,2022-10-23 10:05:45,1666516884.0,2022-10-23 09:21:05,2022-10-23 09:20:00,
5855,20221023,5844,5855,639,6,1,1,2022-10-23 09:52:39,0,2042,174.941918,46.050096,174.926108,46.051801,174954731.0,46060938.0,1666517153.0,1666517168.0,1666517881.0,1666516950.0,2022-10-23 09:46:29,1666517145.0,2022-10-23 09:22:30,2022-10-23 09:22:00,
15532,20221023,15446,15532,1674,3,1,1,2022-10-23 09:52:33,0,856,174.528552,45.905873,174.533958,45.897515,174529981.0,45906312.0,1666516973.0,1666516978.0,1666517609.0,1666516945.0,2022-10-23 09:45:25,1666516953.0,2022-10-23 09:22:25,2022-10-23 09:22:00,
18871,20221023,18747,18871,1622,15,1,1,2022-10-23 10:12:00,0,137,174.54576,45.8763,174.553618,45.874905,174544307.0,45890839.0,1666518233.0,1666518332.0,1666518900.0,1666517270.0,2022-10-23 10:04:57,1666517281.0,2022-10-23 09:27:50,2022-10-23 09:26:00,
15542,20221023,15456,15542,1378,13,1,1,2022-10-23 10:04:49,0,623,174.591698,45.886961,174.605231,45.886978,174592991.0,45888228.0,1666517755.0,1666517814.0,1666518336.0,1666517386.0,2022-10-23 09:58:25,1666517388.0,2022-10-23 09:29:46,2022-10-23 09:28:00,
9099,20221023,9073,9099,3352,2,1,1,2022-10-23 10:13:50,0,455,174.55621,45.86644,174.548455,45.850884,174558733.0,45872020.0,1666517782.0,1666517793.0,1666518241.0,1666517502.0,2022-10-23 10:09:59,1666517511.0,2022-10-23 09:31:42,2022-10-23 09:30:00,
12376,20221023,12331,12376,617,6,1,1,2022-10-23 10:00:08,0,1704,174.951253,46.042645,174.955159,46.056686,174948418.0,46047744.0,1666517453.0,1666517471.0,1666518160.0,1666517406.0,2022-10-23 09:50:41,1666517439.0,2022-10-23 09:30:06,2022-10-23 09:30:00,
2647,20221023,2647,2647,549,1,1,1,2022-10-23 10:07:10,0,627,174.530604,45.905886,174.55799,45.903107,174529624.0,45906056.0,1666517602.0,1666517608.0,1666518138.0,1666517525.0,2022-10-23 09:54:31,1666517530.0,2022-10-23 09:32:05,2022-10-23 09:32:00,
2648,20221023,2648,2648,777,6,1,1,2022-10-23 10:03:19,0,196,174.94175,46.051681,174.935147,46.054129,174946145.0,46054232.0,1666517603.0,1666517645.0,1666518489.0,1666517592.0,2022-10-23 09:52:59,1666517600.0,2022-10-23 09:33:12,2022-10-23 09:32:00,
15541,20221023,15455,15541,644,6,1,1,2022-10-23 10:04:54,0,1181,174.960005,46.04874,174.943329,46.043191,174958509.0,46050924.0,1666517723.0,1666517747.0,1666518275.0,1666517692.0,2022-10-23 10:00:28,1666517695.0,2022-10-23 09:34:52,2022-10-23 09:34:00,
15543,20221023,15457,15543,1200,17,1,1,2022-10-23 10:05:58,0,967,174.60649,45.870386,174.600136,45.871518,174606714.0,45865813.0,1666517785.0,1666517796.0,1666519386.0,1666517750.0,2022-10-23 10:11:02,1666517758.0,2022-10-23 09:35:50,2022-10-23 09:34:00,
22125,20221023,21961,22125,302,0,1,1,2022-10-23 10:07:32,0,1392,174.54785,45.87972,174.545868,45.876795,174549039.0,45882499.0,1666518112.0,1666518325.0,1666519017.0,1666517825.0,2022-10-23 10:06:04,1666517852.0,2022-10-23 09:37:05,2022-10-23 09:36:00,
25401,20221023,25197,25401,1070,11,1,1,2022-10-23 10:08:06,0,3280,174.545817,45.890376,174.539826,45.886653,174548870.0,45890990.0,1666517962.0,1666517973.0,1666519248.0,1666517883.0,2022-10-23 10:10:26,1666517887.0,2022-10-23 09:38:03,2022-10-23 09:38:00,
22149,20221023,21985,22149,578,0,1,1,2022-10-23 10:43:39,0,1077,174.572988,45.867955,174.546899,45.82345,174572407.0,45860408.0,1666519412.0,1666519416.0,1666519782.0,1666518199.0,2022-10-23 11:18:42,1666519412.0,2022-10-23 09:43:19,2022-10-23 09:42:00,
18878,20221023,18754,18878,3348,6,1,1,2022-10-23 10:27:21,0,2913,174.94525,46.05237,174.964187,46.034421,174950486.0,46062368.0,1666518353.0,1666518357.0,1666519283.0,1666518311.0,2022-10-23 10:20:14,1666518324.0,2022-10-23 09:45:11,2022-10-23 09:44:00,
22131,20221023,21967,22131,1551,18,1,1,2022-10-23 10:17:08,0,3207,174.567966,45.774303,174.570913,45.76439,174560303.0,45767540.0,1666518443.0,1666518480.0,1666519641.0,1666518424.0,2022-10-23 10:14:11,1666518430.0,2022-10-23 09:47:04,2022-10-23 09:46:00,
15552,20221023,15466,15552,607,3,1,1,2022-10-23 10:23:45,0,170,174.542418,45.919752,174.528851,45.93354,174528814.0,45922588.0,1666518893.0,1666518912.0,1666520141.0,1666518523.0,2022-10-23 10:27:13,1666518525.0,2022-10-23 09:48:43,2022-10-23 09:48:00,
15553,20221023,15467,15553,462,6,1,1,2022-10-23 10:19:24,0,2235,174.947634,46.048813,174.93151,46.054507,174942544.0,46042453.0,1666518593.0,1666518837.0,1666519807.0,1666518556.0,2022-10-23 10:17:56,1666518564.0,2022-10-23 09:49:16,2022-10-23 09:48:00,
22133,20221023,21969,22133,702,10,1,1,2022-10-23 10:32:05,0,1124,174.600184,45.862795,174.609704,45.844119,174593912.0,45850604.0,1666518986.0,1666518995.0,1666519795.0,1666518598.0,2022-10-23 10:21:10,1666518609.0,2022-10-23 09:49:58,2022-10-23 09:48:00,
9119,20221023,9093,9119,1131,5,1,1,2022-10-23 10:22:08,0,197,174.553677,45.887505,174.549133,45.893587,174554860.0,45885824.0,1666518924.0,1666518934.0,1666519522.0,1666518717.0,2022-10-23 10:23:02,1666518729.0,2022-10-23 09:51:57,2022-10-23 09:50:00,
18885,20221023,18761,18885,2444,6,1,1,2022-10-23 10:20:34,0,1334,174.947859,46.050687,174.934327,46.053732,174947942.0,46050008.0,1666518653.0,1666518664.0,1666519161.0,1666518621.0,2022-10-23 10:14:39,1666518635.0,2022-10-23 09:50:21,2022-10-23 09:50:00,
18886,20221023,18762,18886,71,6,1,1,2022-10-23 10:30:14,0,2083,174.933248,46.056029,174.951419,46.068586,174935274.0,46058272.0,1666518713.0,1666518727.0,1666518950.0,1666518661.0,2022-10-23 10:06:38,1666518675.0,2022-10-23 09:51:01,2022-10-23 09:50:00,
18888,20221023,18764,18888,309,13,1,1,2022-10-23 10:37:35,0,2038,174.58254,45.885387,174.600728,45.889408,174577944.0,45885993.0,1666519316.0,1666519332.0,1666519739.0,1666518706.0,2022-10-23 10:22:21,1666518756.0,2022-10-23 09:51:46,2022-10-23 09:50:00,
22156,20221023,21992,22156,1163,1,1,1,2022-10-23 10:27:38,0,1444,174.528619,45.906293,174.530391,45.921295,174521014.0,45912058.0,1666519793.0,1666519796.0,1666520748.0,1666518757.0,2022-10-23 10:47:03,1666519759.0,2022-10-23 09:52:37,2022-10-23 09:52:00,
2661,20221023,2661,2661,1800,10,1,1,2022-10-23 10:26:20,0,1405,174.599543,45.849644,174.618878,45.85161,174605924.0,45856531.0,1666519103.0,1666519108.0,1666519688.0,1666518979.0,2022-10-23 10:16:56,1666518981.0,2022-10-23 09:56:19,2022-10-23 09:56:00,
2662,20221023,2662,2662,252,6,1,1,2022-10-23 10:46:53,0,626,174.954315,46.043344,174.922538,46.070558,174947487.0,46055508.0,1666519073.0,1666519114.0,1666520497.0,1666518991.0,2022-10-23 10:40:25,1666519014.0,2022-10-23 09:56:31,2022-10-23 09:56:00,
9126,20221023,9100,9126,2953,6,1,1,2022-10-23 10:27:18,0,1395,174.942944,46.052403,174.945568,46.041862,174955329.0,46051596.0,1666519043.0,1666519055.0,1666519948.0,1666519027.0,2022-10-23 10:20:14,1666519040.0,2022-10-23 09:57:07,2022-10-23 09:56:00,
9131,20221023,9105,9131,3295,5,1,1,2022-10-23 10:42:38,0,353,174.55475,45.89498,174.551037,45.920767,174548752.0,45898110.0,1666519433.0,1666519445.0,1666519767.0,1666519049.0,2022-10-23 10:22:52,1666519419.0,2022-10-23 09:57:29,2022-10-23 09:56:00,
22148,20221023,21984,22148,1789,6,1,1,2022-10-23 10:32:00,0,2302,174.943268,46.05238,174.946863,46.061426,174935251.0,46046367.0,1666519343.0,1666519423.0,1666520206.0,1666519313.0,2022-10-23 10:21:49,1666519327.0,2022-10-23 10:01:53,2022-10-23 10:00:00,
15565,20221023,15479,15565,2507,8,1,1,2022-10-23 10:40:02,0,1296,174.57808,45.89869,174.58813,45.89252,174578692.0,45898308.0,1666519855.0,1666519905.0,1666520048.0,1666519489.0,2022-10-23 10:34:18,1666519502.0,2022-10-23 10:04:49,2022-10-23 10:04:00,
18900,20221023,18776,18900,1814,6,1,1,2022-10-23 10:34:34,0,1181,174.960005,46.04874,174.940603,46.045925,174954002.0,46050576.0,1666519493.0,1666519505.0,1666520725.0,1666519472.0,2022-10-23 10:35:38,1666519475.0,2022-10-23 10:04:32,2022-10-23 10:04:00,
22154,20221023,21990,22154,897,6,1,1,2022-10-23 10:38:04,0,530,174.940639,46.04271,174.943583,46.047053,174926406.0,46052335.0,1666519643.0,1666519649.0,1666520892.0,1666519563.0,2022-10-23 10:30:35,1666519582.0,2022-10-23 10:06:03,2022-10-23 10:06:00,
15570,20221023,15484,15570,3834,0,1,1,2022-10-23 11:09:22,0,1014,174.5457,45.87686,174.500527,45.865745,174543876.0,45869479.0,1666519792.0,1666519803.0,1666522034.0,1666519761.0,2022-10-23 11:16:12,1666519762.0,2022-10-23 10:09:21,2022-10-23 10:08:00,
9145,20221023,9119,9145,2529,9,1,1,2022-10-23 10:49:14,0,110,174.569323,45.907395,174.562718,45.905806,174566095.0,45904850.0,1666520246.0,1666520255.0,1666520525.0,1666519853.0,2022-10-23 10:29:27,1666519988.0,2022-10-23 10:10:53,2022-10-23 10:10:00,
12405,20221023,12360,12405,209,6,1,1,2022-10-23 10:40:12,0,1459,174.941795,46.061919,174.952077,46.05227,174939847.0,46070328.0,1666519823.0,1666519835.0,1666520154.0,1666519803.0,2022-10-23 10:32:16,1666519814.0,2022-10-23 10:10:03,2022-10-23 10:10:00,
12409,20221023,12364,12409,209,6,1,1,2022-10-23 10:48:01,0,621,174.946024,46.050966,174.952496,46.051208,174941042.0,46065872.0,1666519943.0,1666519963.0,1666520478.0,1666519919.0,2022-10-23 10:26:03,1666519922.0,2022-10-23 10:11:59,2022-10-23 10:10:00,
12414,20221023,12369,12414,2515,13,1,1,2022-10-23 10:41:22,0,2250,174.57702,45.89555,174.572164,45.89931,174578857.0,45899340.0,1666520188.0,1666520204.0,1666520827.0,1666519871.0,2022-10-23 10:34:08,1666519885.0,2022-10-23 10:11:11,2022-10-23 10:10:00,
22160,20221023,21996,22160,237,5,1,1,2022-10-23 10:40:28,0,1329,174.56681,45.8952,174.565431,45.899944,174569193.0,45886828.0,1666520214.0,1666520224.0,1666520702.0,1666519827.0,2022-10-23 10:28:52,1666519829.0,2022-10-23 10:10:27,2022-10-23 10:10:00,
22164,20221023,22000,22164,2700,11,1,1,2022-10-23 11:04:41,0,2637,174.536062,45.898948,174.516993,45.884083,174540069.0,45901400.0,1666520093.0,1666520135.0,1666520429.0,1666520024.0,2022-10-23 10:55:26,1666520082.0,2022-10-23 10:13:44,2022-10-23 10:12:00,
15573,20221023,15487,15573,2819,6,1,1,2022-10-23 10:49:45,0,2923,174.93677,46.04715,174.959257,46.050115,174938808.0,46044985.0,1666520184.0,1666520205.0,1666520895.0,1666520083.0,2022-10-23 10:36:53,1666520140.0,2022-10-23 10:14:43,2022-10-23 10:14:00,
18907,20221023,18783,18907,593,5,1,1,2022-10-23 10:48:37,0,842,174.561382,45.905478,174.566822,45.894674,174569617.0,45902482.0,1666520545.0,1666520563.0,1666521415.0,1666520099.0,2022-10-23 10:49:16,1666520306.0,2022-10-23 10:14:59,2022-10-23 10:14:00,
18906,20221023,18782,18906,632,6,1,1,2022-10-23 10:47:32,0,1618,174.941053,46.04335,174.946022,46.043236,174947869.0,46050012.0,1666520273.0,1666520289.0,1666521527.0,1666520240.0,2022-10-23 10:48:21,1666520252.0,2022-10-23 10:17:20,2022-10-23 10:16:00,
22167,20221023,22003,22167,3777,1,1,1,2022-10-23 11:07:55,0,1590,174.542499,45.920795,174.568661,45.907399,174546812.0,45920428.0,1666520844.0,1666520963.0,1666521507.0,1666520270.0,2022-10-23 10:58:57,1666520275.0,2022-10-23 10:17:50,2022-10-23 10:16:00,
2680,20221023,2680,2680,1807,0,1,1,2022-10-23 10:48:57,0,521,174.572719,45.869083,174.575645,45.866093,174568604.0,45867013.0,1666520874.0,1666520890.0,1666521273.0,1666520313.0,2022-10-23 10:40:08,1666520338.0,2022-10-23 10:18:33,2022-10-23 10:18:00,
9152,20221023,9126,9152,617,6,1,1,2022-10-23 10:51:23,0,1263,174.946828,46.05323,174.928478,46.062113,174941270.0,46051581.0,1666520394.0,1666520405.0,1666521144.0,1666520297.0,2022-10-23 10:48:45,1666520363.0,2022-10-23 10:18:17,2022-10-23 10:18:00,
15576,20221023,15490,15576,499,18,1,1,2022-10-23 10:48:39,0,1779,174.572219,45.765106,174.573942,45.770072,174586253.0,45768835.0,1666520333.0,1666520347.0,1666521274.0,1666520311.0,2022-10-23 10:39:22,1666520319.0,2022-10-23 10:18:31,2022-10-23 10:18:00,
15578,20221023,15492,15578,1509,7,1,1,2022-10-23 10:49:42,0,1537,174.581004,45.857849,174.567992,45.860489,174587415.0,45859178.0,1666520396.0,1666520401.0,1666520883.0,1666520369.0,2022-10-23 10:41:43,1666520382.0,2022-10-23 10:19:29,2022-10-23 10:18:00,
22169,20221023,22005,22169,264,0,1,1,2022-10-23 11:07:34,0,1476,174.572467,45.860664,174.588779,45.87288,174563940.0,45861769.0,1666520694.0,1666520710.0,1666521453.0,1666520286.0,2022-10-23 11:02:55,1666520315.0,2022-10-23 10:18:06,2022-10-23 10:18:00,
18911,20221023,18787,18911,1111,8,1,1,2022-10-23 11:06:55,0,704,174.585237,45.902158,174.578804,45.905361,174590070.0,45896175.0,1666520484.0,1666520497.0,1666521238.0,1666520453.0,2022-10-23 10:47:35,1666520458.0,2022-10-23 10:20:53,2022-10-23 10:20:00,
2689,20221023,2689,2689,1812,6,1,1,2022-10-23 11:23:37,0,27,174.941524,46.043106,174.932751,46.04379,174940660.0,46045431.0,1666521383.0,1666521456.0,1666521714.0,1666520606.0,2022-10-23 10:45:50,1666521380.0,2022-10-23 10:23:26,2022-10-23 10:22:00,
18912,20221023,18788,18912,134,10,1,1,2022-10-23 10:55:56,0,1841,174.600558,45.864398,174.584367,45.856617,174607814.0,45864618.0,1666520666.0,1666520671.0,1666521644.0,1666520546.0,2022-10-23 10:50:11,1666520593.0,2022-10-23 10:22:26,2022-10-23 10:22:00,
22172,20221023,22008,22172,777,6,1,1,2022-10-23 11:22:15,0,28,174.941567,46.053244,174.974982,46.036691,174935335.0,46050688.0,1666520784.0,1666520805.0,1666521167.0,1666520531.0,2022-10-23 11:02:21,1666520778.0,2022-10-23 10:22:11,2022-10-23 10:22:00,
22175,20221023,22011,22175,1065,6,1,1,2022-10-23 11:00:19,0,1796,174.946214,46.053092,174.935576,46.052286,174960129.0,46048303.0,1666521024.0,1666521029.0,1666522061.0,1666521001.0,2022-10-23 10:52:14,1666521020.0,2022-10-23 10:30:01,2022-10-23 10:30:00,
22176,20221023,22012,22176,3602,13,1,1,2022-10-23 11:10:38,0,472,174.581843,45.884516,174.577606,45.899839,174584287.0,45879073.0,1666521655.0,1666521760.0,1666521975.0,1666521088.0,2022-10-23 10:55:47,1666521098.0,2022-10-23 10:31:28,2022-10-23 10:30:00,
22185,20221023,22021,22185,289,0,1,1,2022-10-23 11:06:39,0,977,174.55531,45.85809,174.548322,45.846429,174551922.0,45832223.0,1666521533.0,1666521608.0,1666523014.0,1666521082.0,2022-10-23 11:09:04,1666521116.0,2022-10-23 10:31:22,2022-10-23 10:30:00,
22183,20221023,22019,22183,408,12,1,1,2022-10-23 11:22:23,0,1341,174.546805,45.890707,174.568728,45.896991,174551505.0,45887200.0,1666521533.0,1666521556.0,1666522074.0,1666521133.0,2022-10-23 11:08:20,1666521144.0,2022-10-23 10:32:13,2022-10-23 10:32:00,
9165,20221023,9139,9165,2755,6,1,1,2022-10-23 11:05:55,0,195,174.949451,46.063936,174.946643,46.055446,174952569.0,46062367.0,1666521383.0,1666521415.0,1666522086.0,1666521348.0,2022-10-23 10:56:54,1666521359.0,2022-10-23 10:35:48,2022-10-23 10:34:00,
9174,20221023,9148,9174,833,0,1,1,2022-10-23 11:24:45,0,56,174.583985,45.862946,174.598443,45.85031,174585001.0,45863419.0,1666521773.0,1666521849.0,1666522858.0,1666521337.0,2022-10-23 11:18:22,1666521345.0,2022-10-23 10:35:37,2022-10-23 10:34:00,
12429,20221023,12384,12429,960,6,1,1,2022-10-23 11:05:55,0,2749,174.943175,46.051501,174.9432,46.04518,174931288.0,46055968.0,1666521383.0,1666521396.0,1666522546.0,1666521349.0,2022-10-23 10:59:11,1666521357.0,2022-10-23 10:35:49,2022-10-23 10:34:00,
15589,20221023,15503,15589,1139,9,1,1,2022-10-23 11:20:17,0,1773,174.649743,45.880329,174.644257,45.903321,174650388.0,45879011.0,1666521536.0,1666521663.0,1666522057.0,1666521251.0,2022-10-23 11:11:49,1666521256.0,2022-10-23 10:34:11,2022-10-23 10:34:00,
2690,20221023,2690,2690,166,6,1,1,2022-10-23 11:07:28,0,552,174.939345,46.043587,174.938139,46.052586,174940768.0,46043312.0,1666521473.0,1666521478.0,1666521803.0,1666521440.0,2022-10-23 10:53:09,1666521449.0,2022-10-23 10:37:20,2022-10-23 10:36:00,
9166,20221023,9140,9166,3130,8,1,1,2022-10-23 11:11:50,0,450,174.57668,45.899103,174.590416,45.885769,174576263.0,45902753.0,1666521444.0,1666521450.0,1666521864.0,1666521401.0,2022-10-23 11:11:53,1666521411.0,2022-10-23 10:36:41,2022-10-23 10:36:00,
9172,20221023,9146,9172,337,9,1,1,2022-10-23 11:23:35,0,445,174.606892,45.869887,174.647338,45.870218,174606604.0,45865951.0,1666521866.0,1666521874.0,1666522705.0,1666521682.0,2022-10-23 11:16:08,1666521697.0,2022-10-23 10:41:22,2022-10-23 10:40:00,
9173,20221023,9147,9173,462,6,1,1,2022-10-23 11:12:07,0,1291,174.935342,46.061425,174.941753,46.065337,174941723.0,46047040.0,1666521743.0,1666521769.0,1666522591.0,1666521719.0,2022-10-23 11:01:53,1666521727.0,2022-10-23 10:41:59,2022-10-23 10:40:00,
18928,20221023,18804,18928,3446,6,1,1,2022-10-23 11:30:04,0,1506,174.935326,46.056174,174.966296,46.035442,174941936.0,46056760.0,1666521743.0,1666521760.0,1666522355.0,1666521712.0,2022-10-23 11:17:27,1666521725.0,2022-10-23 10:41:52,2022-10-23 10:40:00,
22190,20221023,22026,22190,3971,0,1,1,2022-10-23 11:35:35,0,619,174.571146,45.856922,174.509473,45.867476,174572554.0,45853500.0,1666522013.0,1666522017.0,1666522258.0,1666521626.0,2022-10-23 12:11:40,1666522002.0,2022-10-23 10:40:26,2022-10-23 10:40:00,
15594,20221023,15508,15594,1055,6,1,1,2022-10-23 11:19:49,0,1545,174.93866,46.04493,174.968386,46.035852,174941437.0,46044689.0,1666521833.0,1666521850.0,1666522101.0,1666521816.0,2022-10-23 11:10:01,1666521831.0,2022-10-23 10:43:36,2022-10-23 10:42:00,
15595,20221023,15509,15595,2387,9,1,1,2022-10-23 11:33:53,0,1786,174.596618,45.881191,174.649349,45.881075,174593939.0,45885126.0,1666522016.0,1666522124.0,1666522422.0,1666521814.0,2022-10-23 11:35:43,1666521835.0,2022-10-23 10:43:34,2022-10-23 10:42:00,
18931,20221023,18807,18931,1257,7,1,1,2022-10-23 11:12:37,0,1279,174.580823,45.863195,174.57822,45.862367,174585970.0,45872652.0,1666521984.0,1666521994.0,1666523401.0,1666521743.0,2022-10-23 11:13:39,1666521757.0,2022-10-23 10:42:23,2022-10-23 10:42:00,
5922,20221023,5911,5922,896,6,1,1,2022-10-23 11:14:20,0,1459,174.941795,46.061919,174.94203,46.0438,174935248.0,46054736.0,1666521863.0,1666521873.0,1666522367.0,1666521858.0,2022-10-23 11:07:11,1666521860.0,2022-10-23 10:44:18,2022-10-23 10:44:00,
5923,20221023,5912,5923,2850,8,1,1,2022-10-23 11:28:43,0,1027,174.589909,45.902274,174.57046,45.906927,174592033.0,45901704.0,1666521984.0,1666522009.0,1666523080.0,1666521932.0,2022-10-23 11:18:47,1666521949.0,2022-10-23 10:45:32,2022-10-23 10:44:00,
15599,20221023,15513,15599,2107,6,1,1,2022-10-23 11:16:28,0,1210,174.946851,46.054215,174.929972,46.055696,174963314.0,46051460.0,1666522013.0,1666522041.0,1666523254.0,1666521981.0,2022-10-23 11:15:46,1666521990.0,2022-10-23 10:46:21,2022-10-23 10:46:00,
15600,20221023,15514,15600,614,17,1,1,2022-10-23 11:17:00,0,47,174.606581,45.867053,174.617986,45.876191,174613412.0,45855607.0,1666522046.0,1666522053.0,1666522570.0,1666522018.0,2022-10-23 11:19:41,1666522020.0,2022-10-23 10:46:58,2022-10-23 10:46:00,
5927,20221023,5916,5927,803,6,1,1,2022-10-23 11:19:22,0,1511,174.9464,46.05281,174.931502,46.051842,174948899.0,46047122.0,1666522193.0,1666522197.0,1666522759.0,1666522160.0,2022-10-23 11:12:50,1666522162.0,2022-10-23 10:49:20,2022-10-23 10:48:00,
5928,20221023,5917,5928,874,5,1,1,2022-10-23 11:30:06,0,743,174.555845,45.895872,174.52414,45.896763,174545670.0,45920721.0,1666522464.0,1666522653.0,1666524132.0,1666522197.0,2022-10-23 11:39:19,1666522207.0,2022-10-23 10:49:57,2022-10-23 10:48:00,
12441,20221023,12395,12441,1192,5,1,1,2022-10-23 11:28:01,0,1986,174.551308,45.885635,174.531875,45.881629,174558395.0,45891680.0,1666522404.0,1666523328.0,1666524345.0,1666522185.0,2022-10-23 11:35:16,1666522202.0,2022-10-23 10:49:45,2022-10-23 10:48:00,
15602,20221023,15516,15602,1627,6,1,1,2022-10-23 11:25:00,0,2980,174.951299,46.059377,174.962582,46.042167,174941236.0,46054974.0,1666522313.0,1666522357.0,1666523065.0,1666522183.0,2022-10-23 11:26:06,1666522201.0,2022-10-23 10:49:43,2022-10-23 10:48:00,
2698,20221023,2697,2698,241,6,1,1,2022-10-23 11:21:41,0,1152,174.945823,46.052173,174.942877,46.056814,174954129.0,46046649.0,1666522313.0,1666522319.0,1666522673.0,1666522293.0,2022-10-23 11:03:44,1666522302.0,2022-10-23 10:51:33,2022-10-23 10:50:00,
12442,20221023,12396,12442,2787,0,1,1,2022-10-23 12:13:39,0,905,174.558892,45.860192,174.465118,45.869188,174559817.0,45863736.0,1666522493.0,1666522533.0,1666523530.0,1666522278.0,2022-10-23 11:49:50,1666522472.0,2022-10-23 10:51:18,2022-10-23 10:50:00,
22194,20221023,22030,22194,234,0,1,1,2022-10-23 11:39:24,0,579,174.57246,45.860791,174.556739,45.85112,174570756.0,45858579.0,1666522523.0,1666522540.0,1666523203.0,1666522278.0,2022-10-23 11:17:30,1666522284.0,2022-10-23 10:51:18,2022-10-23 10:50:00,
2699,20221023,2698,2699,1816,6,1,1,2022-10-23 11:22:37,0,125,174.946827,46.053421,174.962589,46.05097,174939300.0,46043500.0,1666522373.0,1666522379.0,1666522811.0,1666522355.0,2022-10-23 11:11:56,1666522358.0,2022-10-23 10:52:35,2022-10-23 10:52:00,
2700,20221023,2699,2700,816,19,1,1,2022-10-23 11:34:46,0,207,174.556801,45.887697,174.574065,45.894948,174560672.0,45890741.0,1666522433.0,1666522443.0,1666523745.0,1666522407.0,2022-10-23 11:35:01,1666522427.0,2022-10-23 10:53:27,2022-10-23 10:52:00,
2701,20221023,2700,2701,169,18,1,1,2022-10-23 11:27:05,0,436,174.567541,45.769703,174.559143,45.770239,174567477.0,45774201.0,1666522643.0,1666522647.0,1666523205.0,1666522624.0,2022-10-23 11:20:25,1666522625.0,2022-10-23 10:57:04,2022-10-23 10:56:00,
5934,20221023,5923,5934,1731,8,1,1,2022-10-23 11:41:58,0,2055,174.568664,45.904338,174.586134,45.893046,174565372.0,45904163.0,1666523186.0,1666523192.0,1666524131.0,1666522609.0,2022-10-23 11:32:46,1666522637.0,2022-10-23 10:56:49,2022-10-23 10:56:00,
9187,20221023,9161,9187,2282,5,1,1,2022-10-23 11:28:24,0,33,174.55569,45.89615,174.556283,45.907021,174553772.0,45898519.0,1666522973.0,1666522978.0,1666523396.0,1666522582.0,2022-10-23 11:34:49,1666522586.0,2022-10-23 10:56:22,2022-10-23 10:56:00,
9188,20221023,9162,9188,462,6,1,1,2022-10-23 11:27:13,0,2441,174.94893,46.067416,174.943213,46.063236,174936186.0,46062341.0,1666522643.0,1666522667.0,1666523658.0,1666522624.0,2022-10-23 11:23:00,1666522637.0,2022-10-23 10:57:04,2022-10-23 10:56:00,
15611,20221023,15525,15611,3891,2,1,1,2022-10-23 11:30:21,0,613,174.527301,45.854211,174.510646,45.856786,174526330.0,45853172.0,1666523003.0,1666523006.0,1666523140.0,1666522579.0,2022-10-23 11:25:31,1666522586.0,2022-10-23 10:56:19,2022-10-23 10:56:00,
18940,20221023,18816,18940,30,6,1,1,2022-10-23 11:26:57,0,125,174.946827,46.053421,174.947365,46.061115,174955496.0,46051788.0,1666522643.0,1666522689.0,1666523158.0,1666522601.0,2022-10-23 11:21:05,1666522617.0,2022-10-23 10:56:41,2022-10-23 10:56:00,
5935,20221023,5924,5935,2384,6,1,1,2022-10-23 11:28:41,0,1334,174.947859,46.050687,174.937964,46.05255,174961517.0,46049635.0,1666522733.0,1666522737.0,1666523174.0,1666522716.0,2022-10-23 11:10:25,1666522722.0,2022-10-23 10:58:36,2022-10-23 10:58:00,
5939,20221023,5925,5939,1393,5,1,1,2022-10-23 11:37:20,0,641,174.549661,45.884568,174.552097,45.873347,174548142.0,45881990.0,1666522883.0,1666522891.0,1666523453.0,1666522690.0,2022-10-23 11:38:02,1666522700.0,2022-10-23 10:58:10,2022-10-23 10:58:00,
22198,20221023,22034,22198,1015,0,1,1,2022-10-23 11:44:13,0,78,174.55456,45.851375,174.577026,45.831209,174552260.0,45846144.0,1666523303.0,1666523309.0,1666523555.0,1666522750.0,2022-10-23 11:28:07,1666522755.0,2022-10-23 10:59:10,2022-10-23 10:58:00,
18947,20221023,18823,18947,1037,4,1,1,2022-10-23 11:49:39,0,1106,174.543383,45.846369,174.574616,45.833011,174542712.0,45846706.0,1666523843.0,1666523863.0,1666523897.0,1666523061.0,2022-10-23 11:34:44,1666523081.0,2022-10-23 11:04:21,2022-10-23 11:04:00,
5943,20221023,5931,5943,164,0,1,1,2022-10-23 11:36:41,0,81,174.56498,45.86303,174.570048,45.860575,174564696.0,45863894.0,1666523603.0,1666523615.0,1666524134.0,1666523199.0,2022-10-23 11:35:23,1666523202.0,2022-10-23 11:06:39,2022-10-23 11:06:00,
9194,20221023,9168,9194,687,18,1,1,2022-10-23 11:36:46,0,2442,174.572718,45.769416,174.591232,45.776845,174570292.0,45765022.0,1666523243.0,1666523249.0,1666523729.0,1666523205.0,2022-10-23 11:23:59,1666523217.0,2022-10-23 11:06:45,2022-10-23 11:06:00,
22207,20221023,22043,22207,1544,15,1,1,2022-10-23 12:01:10,0,334,174.545787,45.876868,174.540204,45.861626,174545026.0,45877504.0,1666524323.0,1666524357.0,1666524899.0,1666523463.0,2022-10-23 11:51:27,1666523475.0,2022-10-23 11:11:03,2022-10-23 11:10:00,
2711,20221023,2710,2711,81,5,1,1,2022-10-23 11:43:50,0,1417,174.55531,45.894861,174.556082,45.889854,174555906.0,45895748.0,1666523992.0,1666524017.0,1666524242.0,1666523626.0,2022-10-23 11:32:39,1666523631.0,2022-10-23 11:13:46,2022-10-23 11:12:00,
9198,20221023,9172,9198,2417,6,1,1,2022-10-23 11:44:02,0,556,174.948092,46.048467,174.940629,46.046691,174943179.0,46042382.0,1666523603.0,1666523620.0,1666524880.0,1666523572.0,2022-10-23 11:42:32,1666523584.0,2022-10-23 11:12:52,2022-10-23 11:12:00,
22210,20221023,22045,22210,497,12,1,1,2022-10-23 11:51:17,0,113,174.533308,45.887997,174.55473,45.882797,174533108.0,45888193.0,1666523812.0,1666523822.0,1666524549.0,1666523582.0,2022-10-23 11:57:22,1666523599.0,2022-10-23 11:13:02,2022-10-23 11:12:00,
18956,20221023,18831,18956,601,5,1,1,2022-10-23 11:50:48,0,1317,174.556701,45.894395,174.570492,45.919825,174555756.0,45896096.0,1666523843.0,1666523846.0,1666524262.0,1666523736.0,2022-10-23 11:43:02,1666523750.0,2022-10-23 11:15:36,2022-10-23 11:14:00,
22216,20221023,22051,22216,664,5,1,1,2022-10-23 11:57:01,0,272,174.5664,45.898385,174.57117,45.899765,174567429.0,45898868.0,1666524472.0,1666524481.0,1666524812.0,1666524091.0,2022-10-23 11:36:54,1666524454.0,2022-10-23 11:21:31,2022-10-23 11:20:00,
2720,20221023,2719,2720,1826,5,1,1,2022-10-23 12:04:03,0,1365,174.554868,45.895784,174.5782,45.903676,174548451.0,45899899.0,1666524323.0,1666524353.0,1666524760.0,1666524226.0,2022-10-23 11:58:27,1666524250.0,2022-10-23 11:23:46,2022-10-23 11:22:00,
5954,20221023,5942,5954,2003,18,1,1,2022-10-23 11:53:57,0,1779,174.572219,45.765106,174.56491,45.767808,174571295.0,45769617.0,1666524263.0,1666524282.0,1666524667.0,1666524230.0,2022-10-23 11:37:29,1666524237.0,2022-10-23 11:23:50,2022-10-23 11:22:00,
22213,20221023,22048,22213,1514,0,1,1,2022-10-23 11:52:34,0,2043,174.572103,45.865778,174.572541,45.86641,174572494.0,45860476.0,1666524533.0,1666524549.0,1666524782.0,1666524139.0,2022-10-23 11:35:28,1666524164.0,2022-10-23 11:22:19,2022-10-23 11:22:00,
2721,20221023,2720,2721,132,6,1,1,2022-10-23 11:55:30,0,688,174.947882,46.051327,174.954447,46.056018,174952575.0,46050696.0,1666524353.0,1666524360.0,1666525197.0,1666524292.0,2022-10-23 11:44:53,1666524330.0,2022-10-23 11:24:52,2022-10-23 11:24:00,
2724,20221023,2723,2724,1828,19,1,1,2022-10-23 12:03:04,0,1420,174.565883,45.899716,174.555,45.917384,174566635.0,45894994.0,1666524742.0,1666524747.0,1666525150.0,1666524272.0,2022-10-23 11:50:41,1666524666.0,2022-10-23 11:24:32,2022-10-23 11:24:00,
22214,20221023,22049,22214,4162,12,1,1,2022-10-23 12:04:27,0,1354,174.545138,45.892286,174.580506,45.858,174525281.0,45889245.0,1666524284.0,1666524287.0,1666524985.0,1666524241.0,2022-10-23 11:59:14,1666524284.0,2022-10-23 11:24:01,2022-10-23 11:24:00,
15622,20221023,15536,15622,52,11,1,1,2022-10-23 12:19:11,0,478,174.546558,45.890769,174.567359,45.90121,174544003.0,45900467.0,1666524862.0,1666524866.0,1666525888.0,1666524839.0,2022-10-23 12:12:09,1666524852.0,2022-10-23 11:33:59,2022-10-23 11:32:00,
15623,20221023,15537,15623,3714,6,1,1,2022-10-23 12:09:13,0,316,174.949942,46.035894,174.931636,46.053466,174961384.0,46036023.0,1666524923.0,1666524946.0,1666525284.0,1666524836.0,2022-10-23 11:53:41,1666524857.0,2022-10-23 11:33:56,2022-10-23 11:32:00,
22220,20221023,22055,22220,2720,20,1,1,2022-10-23 12:02:48,0,2051,174.527303,45.863769,174.508339,45.8563,174526250.0,45867373.0,1666524803.0,1666524817.0,1666525018.0,1666524764.0,2022-10-23 11:50:19,1666524769.0,2022-10-23 11:32:44,2022-10-23 11:32:00,
22221,20221023,22056,22221,89,4,1,1,2022-10-23 12:12:06,0,1106,174.543383,45.846369,174.532648,45.865181,174544077.0,45842299.0,1666525222.0,1666525245.0,1666525518.0,1666524973.0,2022-10-23 12:08:34,1666525030.0,2022-10-23 11:36:13,2022-10-23 11:36:00,
2730,20221023,2729,2730,608,6,1,1,2022-10-23 12:08:41,0,726,174.947322,46.058867,174.9352,46.053679,174947620.0,46052797.0,1666525133.0,1666525146.0,1666525758.0,1666525109.0,2022-10-23 11:57:01,1666525122.0,2022-10-23 11:38:29,2022-10-23 11:38:00,
2731,20221023,2730,2731,1832,0,1,1,2022-10-23 12:10:13,0,383,174.582514,45.863719,174.579637,45.862025,174579309.0,45862138.0,1666525462.0,1666525493.0,1666525800.0,1666525164.0,2022-10-23 11:57:41,1666525214.0,2022-10-23 11:39:24,2022-10-23 11:38:00,
5964,20221023,5952,5964,1403,6,1,1,2022-10-23 12:09:52,0,689,174.938708,46.046384,174.941029,46.042041,174939475.0,46045908.0,1666525222.0,1666525232.0,1666525945.0,1666525190.0,2022-10-23 11:56:01,1666525192.0,2022-10-23 11:39:50,2022-10-23 11:38:00,
15624,20221023,15538,15624,2031,17,1,1,2022-10-23 12:13:58,0,2718,174.595486,45.870933,174.617174,45.880214,174595622.0,45871017.0,1666525405.0,1666525416.0,1666525779.0,1666525130.0,2022-10-23 12:07:26,1666525139.0,2022-10-23 11:38:50,2022-10-23 11:38:00,
15625,20221023,15539,15625,496,13,1,1,2022-10-23 12:09:48,0,800,174.57538,45.89046,174.584269,45.896803,174570766.0,45890825.0,1666525555.0,1666525565.0,1666525945.0,1666525186.0,2022-10-23 12:10:32,1666525189.0,2022-10-23 11:39:46,2022-10-23 11:38:00,
22235,20221023,22070,22235,2528,0,1,1,2022-10-23 12:16:41,0,319,174.536705,45.874074,174.532096,45.866952,174545004.0,45873215.0,1666526091.0,1666526109.0,1666526801.0,1666525373.0,2022-10-23 12:15:25,1666525655.0,2022-10-23 11:42:53,2022-10-23 11:42:00,
15627,20221023,15541,15627,65,18,1,1,2022-10-23 12:17:20,0,2242,174.56718,45.766384,174.556808,45.763424,174567245.0,45766108.0,1666525642.0,1666525657.0,1666525779.0,1666525639.0,2022-10-23 11:54:16,1666525641.0,2022-10-23 11:47:19,2022-10-23 11:46:00,
18970,20221023,18845,18970,1505,8,1,1,2022-10-23 12:16:16,0,946,174.590703,45.897659,174.590194,45.897797,174578349.0,45898766.0,1666525582.0,1666525589.0,1666526552.0,1666525563.0,2022-10-23 12:14:05,1666525576.0,2022-10-23 11:46:03,2022-10-23 11:46:00,
22227,20221023,22062,22227,2072,0,1,1,2022-10-23 12:17:47,0,287,174.556028,45.859239,174.552366,45.86671,174557242.0,45858143.0,1666525732.0,1666525768.0,1666526266.0,1666525659.0,2022-10-23 12:03:35,1666525712.0,2022-10-23 11:47:39,2022-10-23 11:46:00,
15628,20221023,15542,15628,2938,11,1,1,2022-10-23 12:20:42,0,2982,174.542268,45.898456,174.540567,45.888407,174537619.0,45899916.0,1666525791.0,1666525836.0,1666526476.0,1666525712.0,2022-10-23 12:09:00,1666525723.0,2022-10-23 11:48:32,2022-10-23 11:48:00,
15630,20221023,15544,15630,311,18,1,1,2022-10-23 12:21:06,0,1350,174.570675,45.767602,174.563938,45.760752,174573026.0,45767772.0,1666525883.0,1666525953.0,1666526733.0,1666525712.0,2022-10-23 12:12:16,1666525867.0,2022-10-23 11:48:32,2022-10-23 11:48:00,
22230,20221023,22065,22230,2147,2,1,1,2022-10-23 12:27:17,0,70,174.536758,45.866307,174.539868,45.84406,174540234.0,45863510.0,1666525911.0,1666525927.0,1666526285.0,1666525687.0,2022-10-23 12:24:53,1666525698.0,2022-10-23 11:48:07,2022-10-23 11:48:00,
22233,20221023,22068,22233,873,9,1,1,2022-10-23 12:33:06,0,230,174.624652,45.872833,174.62831,45.899927,174631413.0,45882080.0,1666527444.0,1666527460.0,1666527763.0,1666525809.0,2022-10-23 12:35:00,1666525989.0,2022-10-23 11:50:09,2022-10-23 11:50:00,
22234,20221023,22069,22234,1122,5,1,1,2022-10-23 12:34:03,0,54,174.566908,45.892908,174.543238,45.905296,174556857.0,45895653.0,1666526211.0,1666526228.0,1666526645.0,1666526032.0,2022-10-23 12:37:18,1666526043.0,2022-10-23 11:53:52,2022-10-23 11:52:00,
22239,20221023,22074,22239,1388,7,1,1,2022-10-23 12:25:54,0,1179,174.581271,45.843025,174.581962,45.847227,174587687.0,45847252.0,1666526184.0,1666526222.0,1666527230.0,1666526148.0,2022-10-23 12:31:27,1666526155.0,2022-10-23 11:55:48,2022-10-23 11:54:00,
2745,20221023,2744,2745,1123,3,1,1,2022-10-23 12:28:47,0,1426,174.542823,45.920509,174.550824,45.9225,174541885.0,45919647.0,1666526333.0,1666526341.0,1666526734.0,1666526325.0,2022-10-23 12:12:46,1666526327.0,2022-10-23 11:58:45,2022-10-23 11:58:00,
2746,20221023,2745,2746,1837,9,1,1,2022-10-23 12:28:58,0,1427,174.648,45.87969,174.646563,45.872311,174647839.0,45879067.0,1666526485.0,1666526496.0,1666526898.0,1666526337.0,2022-10-23 12:14:41,1666526339.0,2022-10-23 11:58:57,2022-10-23 11:58:00,
12477,20221023,12431,12477,202,5,1,1,2022-10-23 12:35:35,0,1112,174.5669,45.89309,174.589501,45.885881,174567002.0,45892884.0,1666526781.0,1666526790.0,1666526917.0,1666526433.0,2022-10-23 12:20:15,1666526435.0,2022-10-23 12:00:33,2022-10-23 12:00:00,
2748,20221023,2747,2748,388,3,1,1,2022-10-23 12:34:09,0,856,174.528552,45.905873,174.52703,45.90645,174530819.0,45906003.0,1666526662.0,1666526668.0,1666527452.0,1666526587.0,2022-10-23 12:20:33,1666526650.0,2022-10-23 12:03:07,2022-10-23 12:02:00,
9224,20221023,9198,9224,721,6,1,1,2022-10-23 12:32:53,0,1152,174.945823,46.052173,174.955551,46.050628,174945984.0,46052507.0,1666526602.0,1666526609.0,1666527050.0,1666526572.0,2022-10-23 12:16:39,1666526574.0,2022-10-23 12:02:52,2022-10-23 12:02:00,
12479,20221023,12433,12479,1573,18,1,1,2022-10-23 12:42:32,0,550,174.570926,45.765167,174.554502,45.748002,174566973.0,45764734.0,1666526872.0,1666526880.0,1666528012.0,1666526837.0,2022-10-23 12:41:39,1666526853.0,2022-10-23 12:07:17,2022-10-23 12:06:00,
15635,20221023,15549,15635,2663,20,1,1,2022-10-23 12:37:39,0,2785,174.535165,45.860086,174.521372,45.864477,174534899.0,45860560.0,1666526871.0,1666526881.0,1666527316.0,1666526775.0,2022-10-23 12:25:32,1666526865.0,2022-10-23 12:06:15,2022-10-23 12:06:00,
22249,20221023,22084,22249,731,7,1,1,2022-10-23 12:37:17,0,1371,174.565479,45.859558,174.563908,45.85829,174561007.0,45867465.0,1666526844.0,1666526850.0,1666528020.0,1666526815.0,2022-10-23 12:31:22,1666526837.0,2022-10-23 12:06:55,2022-10-23 12:06:00,
2751,20221023,2750,2751,1789,6,1,1,2022-10-23 12:38:29,0,1430,174.930198,46.052744,174.934657,46.042755,174941032.0,46051562.0,1666526932.0,1666526943.0,1666527609.0,1666526894.0,2022-10-23 12:23:26,1666526909.0,2022-10-23 12:08:14,2022-10-23 12:08:00,
2752,20221023,2751,2752,1839,0,1,1,2022-10-23 12:55:48,0,206,174.575762,45.856856,174.550873,45.884241,174575316.0,45858660.0,1666527381.0,1666527388.0,1666527544.0,1666526982.0,2022-10-23 12:57:48,1666526990.0,2022-10-23 12:09:42,2022-10-23 12:08:00,
12481,20221023,12435,12481,3673,5,1,1,2022-10-23 12:38:39,0,203,174.55079,45.887243,174.548268,45.899022,174545044.0,45884173.0,1666527261.0,1666527278.0,1666527861.0,1666526910.0,2022-10-23 12:31:56,1666526921.0,2022-10-23 12:08:30,2022-10-23 12:08:00,
12483,20221023,12437,12483,1847,18,1,1,2022-10-23 12:41:05,0,2033,174.573261,45.764848,174.579468,45.767304,174578822.0,45769585.0,1666527112.0,1666527118.0,1666527640.0,1666526972.0,2022-10-23 12:23:29,1666527105.0,2022-10-23 12:09:32,2022-10-23 12:08:00,
18975,20221023,18850,18975,2032,0,1,1,2022-10-23 12:47:55,0,2426,174.572502,45.86015,174.582141,45.836791,174572421.0,45863554.0,1666527501.0,1666527512.0,1666527702.0,1666527093.0,2022-10-23 12:40:22,1666527117.0,2022-10-23 12:11:33,2022-10-23 12:10:00,
5979,20221023,5966,5979,592,6,1,1,2022-10-23 12:43:54,0,1511,174.9464,46.05281,174.955147,46.056684,174944540.0,46051247.0,1666527263.0,1666527276.0,1666527524.0,1666527232.0,2022-10-23 12:29:10,1666527236.0,2022-10-23 12:13:52,2022-10-23 12:12:00,
9230,20221023,9204,9230,1374,0,1,1,2022-10-23 12:44:59,0,200,174.5494,45.85296,174.572066,45.846458,174556929.0,45858533.0,1666527501.0,1666527511.0,1666527906.0,1666527224.0,2022-10-23 12:37:46,1666527239.0,2022-10-23 12:13:44,2022-10-23 12:12:00,
12486,20221023,12440,12486,3674,0,1,1,2022-10-23 12:45:01,0,1947,174.572459,45.860954,174.574815,45.862351,174572166.0,45860655.0,1666527985.0,1666527990.0,1666528108.0,1666527213.0,2022-10-23 12:32:16,1666527242.0,2022-10-23 12:13:33,2022-10-23 12:12:00,
5980,20221023,5967,5980,832,9,1,1,2022-10-23 12:54:18,0,2060,174.646458,45.871191,174.668998,45.870332,174647008.0,45872451.0,1666527924.0,1666527933.0,1666528502.0,1666527317.0,2022-10-23 12:45:24,1666527319.0,2022-10-23 12:15:17,2022-10-23 12:14:00,
5981,20221023,5968,5981,1047,6,1,1,2022-10-23 12:46:35,0,2061,174.951885,46.058276,174.945054,46.066749,174953621.0,46058608.0,1666527412.0,1666527427.0,1666528268.0,1666527387.0,2022-10-23 12:36:01,1666527398.0,2022-10-23 12:16:27,2022-10-23 12:16:00,
5982,20221023,5969,5982,104,9,1,1,2022-10-23 12:57:22,0,498,174.606597,45.869829,174.593523,45.891515,174602228.0,45866023.0,1666527924.0,1666527934.0,1666528145.0,1666527424.0,2022-10-23 12:43:55,1666527443.0,2022-10-23 12:17:04,2022-10-23 12:16:00,
18978,20221023,18853,18978,566,2,1,1,2022-10-23 12:48:09,0,248,174.5264,45.862134,174.530477,45.852371,174532584.0,45861323.0,1666527651.0,1666527669.0,1666528225.0,1666527479.0,2022-10-23 12:40:41,1666527492.0,2022-10-23 12:17:59,2022-10-23 12:16:00,
18977,20221023,18852,18977,132,6,1,1,2022-10-23 13:04:22,0,3143,174.937888,46.047057,174.921769,46.064765,174937766.0,46047101.0,1666528342.0,1666528369.0,1666529832.0,1666527551.0,2022-10-23 13:09:37,1666527562.0,2022-10-23 12:19:11,2022-10-23 12:18:00,
5984,20221023,5971,5984,652,18,1,1,2022-10-23 12:53:44,0,1350,174.570675,45.767602,174.571344,45.770346,174581166.0,45770007.0,1666527833.0,1666527844.0,1666528266.0,1666527822.0,2022-10-23 12:34:06,1666527825.0,2022-10-23 12:23:42,2022-10-23 12:22:00,
9237,20221023,9211,9237,809,13,1,1,2022-10-23 12:53:28,0,188,174.57192,45.88915,174.579491,45.906269,174575502.0,45888431.0,1666528104.0,1666528118.0,1666528775.0,1666527732.0,2022-10-23 12:50:19,1666527748.0,2022-10-23 12:22:12,2022-10-23 12:22:00,
2759,20221023,2758,2759,1841,18,1,1,2022-10-23 12:57:10,0,1433,174.569601,45.773194,174.57385,45.785816,174574057.0,45770999.0,1666528043.0,1666528053.0,1666528885.0,1666528029.0,2022-10-23 12:49:43,1666528039.0,2022-10-23 12:27:09,2022-10-23 12:26:00,
18979,20221023,18854,18979,1790,19,1,1,2022-10-23 12:56:52,0,176,174.56681,45.8952,174.5656,45.898676,174566777.0,45895043.0,1666528041.0,1666528049.0,1666528456.0,1666528005.0,2022-10-23 12:39:14,1666528015.0,2022-10-23 12:26:45,2022-10-23 12:26:00,
22252,20221023,22087,22252,3002,18,1,1,2022-10-23 13:03:51,0,1350,174.570675,45.767602,174.565421,45.763551,174566917.0,45769685.0,1666528093.0,1666528111.0,1666529440.0,1666528056.0,2022-10-23 13:00:51,1666528072.0,2022-10-23 12:27:36,2022-10-23 12:26:00,
22253,20221023,22088,22253,904,9,1,1,2022-10-23 12:58:02,0,1162,174.625967,45.872691,174.646642,45.872303,174624720.0,45872077.0,1666528104.0,1666528109.0,1666528253.0,1666528075.0,2022-10-23 12:42:15,1666528083.0,2022-10-23 12:27:55,2022-10-23 12:26:00,
18982,20221023,18857,18982,318,9,1,1,2022-10-23 13:01:13,0,1304,174.601771,45.867069,174.592687,45.871122,174600994.0,45866997.0,1666528344.0,1666528350.0,1666528633.0,1666528263.0,2022-10-23 12:46:08,1666528274.0,2022-10-23 12:31:03,2022-10-23 12:30:00,
12495,20221023,12449,12495,1757,6,1,1,2022-10-23 13:07:07,0,2751,174.940194,46.043601,174.923613,46.057783,174939436.0,46043584.0,1666528583.0,1666528594.0,1666529157.0,1666528324.0,2022-10-23 13:01:03,1666528330.0,2022-10-23 12:32:04,2022-10-23 12:32:00,
12496,20221023,12450,12496,1486,1,1,1,2022-10-23 13:02:39,0,1933,174.542028,45.921142,174.545839,45.920479,174542762.0,45919217.0,1666528491.0,1666528502.0,1666529158.0,1666528354.0,2022-10-23 12:51:16,1666528362.0,2022-10-23 12:32:34,2022-10-23 12:32:00,
12497,20221023,12451,12497,3243,6,1,1,2022-10-23 13:03:12,0,735,174.935396,46.049528,174.930264,46.055646,174944467.0,46051107.0,1666528402.0,1666528415.0,1666529355.0,1666528383.0,2022-10-23 12:58:02,1666528394.0,2022-10-23 12:33:03,2022-10-23 12:32:00,
22254,20221023,22089,22254,1251,1,1,1,2022-10-23 13:07:57,0,4,174.542688,45.920329,174.544669,45.904706,174533941.0,45921968.0,1666528401.0,1666528630.0,1666528923.0,1666528376.0,2022-10-23 12:57:32,1666528380.0,2022-10-23 12:32:56,2022-10-23 12:32:00,
18984,20221023,18859,18984,1974,5,1,1,2022-10-23 13:11:42,0,15,174.565946,45.898786,174.541106,45.899412,174566126.0,45901139.0,1666528611.0,1666528615.0,1666529206.0,1666528470.0,2022-10-23 13:04:44,1666528484.0,2022-10-23 12:34:30,2022-10-23 12:34:00,
22256,20221023,22091,22256,2633,9,1,1,2022-10-23 13:09:45,0,3266,174.592784,45.878234,174.597848,45.871055,174598785.0,45883338.0,1666528674.0,1666528695.0,1666529656.0,1666528654.0,2022-10-23 13:00:00,1666528666.0,2022-10-23 12:37:34,2022-10-23 12:36:00,
22257,20221023,22092,22257,3808,0,1,1,2022-10-23 13:35:11,0,3187,174.545678,45.875948,174.508174,45.871808,174554723.0,45882121.0,1666528881.0,1666528887.0,1666529582.0,1666528805.0,2022-10-23 13:13:10,1666528811.0,2022-10-23 12:40:05,2022-10-23 12:40:00,
2760,20221023,2759,2760,201,6,1,1,2022-10-23 13:18:33,0,195,174.949451,46.063936,174.939058,46.042229,174948098.0,46055091.0,1666529032.0,1666529037.0,1666529446.0,1666529012.0,2022-10-23 13:10:18,1666529015.0,2022-10-23 12:43:32,2022-10-23 12:42:00,
9239,20221023,9213,9239,2469,7,1,1,2022-10-23 13:14:12,0,2447,174.575176,45.842552,174.572006,45.84654,174574080.0,45835027.0,1666529064.0,1666529072.0,1666529737.0,1666529015.0,2022-10-23 13:00:35,1666529056.0,2022-10-23 12:43:35,2022-10-23 12:42:00,
15648,20221023,15562,15648,169,18,1,1,2022-10-23 13:12:08,0,1163,174.561499,45.767985,174.580436,45.765173,174573447.0,45764181.0,1666528942.0,1666528958.0,1666529759.0,1666528927.0,2022-10-23 13:00:59,1666528929.0,2022-10-23 12:42:07,2022-10-23 12:42:00,
15649,20221023,15563,15649,3333,1,1,1,2022-10-23 13:13:57,0,1,174.52993,45.90585,174.523046,45.894163,174530378.0,45910702.0,1666529421.0,1666529426.0,1666529901.0,1666529031.0,2022-10-23 13:08:15,1666529037.0,2022-10-23 12:43:51,2022-10-23 12:42:00,
18991,20221023,18866,18991,2674,7,1,1,2022-10-23 13:13:40,0,355,174.567353,45.858252,174.565733,45.846688,174574401.0,45867750.0,1666529034.0,1666529047.0,1666530166.0,1666529008.0,2022-10-23 13:12:12,1666529028.0,2022-10-23 12:43:28,2022-10-23 12:42:00,
9240,20221023,9214,9240,831,6,1,1,2022-10-23 13:15:50,0,125,174.946827,46.053421,174.941766,46.053152,174946920.0,46053123.0,1666529152.0,1666529166.0,1666529710.0,1666529149.0,2022-10-23 12:58:12,1666529151.0,2022-10-23 12:45:49,2022-10-23 12:44:00,
12500,20221023,12454,12500,1857,5,1,1,2022-10-23 13:25:26,0,1417,174.55531,45.894861,174.528634,45.904041,174555752.0,45896028.0,1666529301.0,1666529307.0,1666529564.0,1666529055.0,2022-10-23 13:12:13,1666529067.0,2022-10-23 12:44:15,2022-10-23 12:44:00,
12501,20221023,12455,12501,312,16,1,1,2022-10-23 13:15:57,0,421,174.63443,45.87892,174.634932,45.878513,174634518.0,45880399.0,1666529185.0,1666529195.0,1666529708.0,1666529154.0,2022-10-23 13:04:25,1666529170.0,2022-10-23 12:45:54,2022-10-23 12:44:00,
15650,20221023,15564,15650,831,6,1,1,2022-10-23 13:15:23,0,1511,174.9464,46.05281,174.939632,46.053166,174946920.0,46053123.0,1666529152.0,1666529165.0,1666529763.0,1666529103.0,2022-10-23 13:00:11,1666529124.0,2022-10-23 12:45:03,2022-10-23 12:44:00,
2761,20221023,2760,2761,1466,15,1,1,2022-10-23 13:21:13,0,1434,174.54543,45.87647,174.526594,45.885944,174546174.0,45872682.0,1666529210.0,1666529250.0,1666529966.0,1666529165.0,2022-10-23 13:23:04,1666529173.0,2022-10-23 12:46:05,2022-10-23 12:46:00,
15651,20221023,15565,15651,1804,18,1,1,2022-10-23 13:16:46,0,453,174.567179,45.766245,174.557974,45.767965,174567206.0,45766199.0,1666529212.0,1666529220.0,1666529383.0,1666529200.0,2022-10-23 12:57:42,1666529206.0,2022-10-23 12:46:40,2022-10-23 12:46:00,
18996,20221023,18871,18996,1209,15,1,1,2022-10-23 13:19:56,0,3144,174.530772,45.880519,174.5283,45.883448,174526664.0,45881622.0,1666529421.0,1666529438.0,1666530135.0,1666529381.0,2022-10-23 13:14:56,1666529396.0,2022-10-23 12:49:41,2022-10-23 12:48:00,
5994,20221023,5981,5994,1399,6,1,1,2022-10-23 13:23:53,0,1943,174.93883,46.04529,174.948833,46.050189,174944520.0,46041991.0,1666529662.0,1666529675.0,1666530524.0,1666529573.0,2022-10-23 13:14:11,1666529637.0,2022-10-23 12:52:53,2022-10-23 12:52:00,
5997,20221023,5984,5997,584,5,1,1,2022-10-23 13:27:20,0,203,174.55079,45.887243,174.554722,45.866641,174540827.0,45885623.0,1666529871.0,1666529888.0,1666530450.0,1666529535.0,2022-10-23 13:17:38,1666529541.0,2022-10-23 12:52:15,2022-10-23 12:52:00,
15654,20221023,15568,15654,2942,13,1,1,2022-10-23 13:25:45,0,748,174.5813,45.88757,174.598731,45.874991,174579018.0,45866816.0,1666530054.0,1666531013.0,1666531645.0,1666529682.0,2022-10-23 13:38:01,1666529685.0,2022-10-23 12:54:42,2022-10-23 12:54:00,
15655,20221023,15569,15655,632,6,1,1,2022-10-23 13:24:49,0,19,174.942316,46.050732,174.957432,46.042039,174942520.0,46052332.0,1666529692.0,1666529748.0,1666530562.0,1666529688.0,2022-10-23 13:22:36,1666529690.0,2022-10-23 12:54:48,2022-10-23 12:54:00,
18998,20221023,18873,18998,1578,6,1,1,2022-10-23 13:29:25,0,2780,174.946685,46.062445,174.935984,46.045252,174949308.0,46062440.0,1666529872.0,1666529881.0,1666530175.0,1666529659.0,2022-10-23 13:08:53,1666529686.0,2022-10-23 12:54:19,2022-10-23 12:54:00,
22261,20221023,22096,22261,318,9,1,1,2022-10-23 13:25:22,0,349,174.59552,45.87118,174.58435,45.870258,174595731.0,45871202.0,1666529844.0,1666529852.0,1666530007.0,1666529704.0,2022-10-23 13:07:42,1666529722.0,2022-10-23 12:55:04,2022-10-23 12:54:00,
5998,20221023,5985,5998,2860,5,1,1,2022-10-23 13:39:51,0,15,174.565946,45.898786,174.595026,45.891275,174566051.0,45898527.0,1666530021.0,1666530048.0,1666530709.0,1666529861.0,2022-10-23 13:26:09,1666529874.0,2022-10-23 12:57:41,2022-10-23 12:56:00,
2763,20221023,2762,2763,265,21,1,1,2022-10-23 13:31:17,0,1435,174.522283,45.819661,174.547975,45.823686,174527579.0,45820274.0,1666530021.0,1666530031.0,1666531081.0,1666529955.0,2022-10-23 13:25:29,1666529968.0,2022-10-23 12:59:15,2022-10-23 12:58:00,
12505,20221023,12459,12505,1928,1,1,1,2022-10-23 13:29:19,0,666,174.55456,45.903396,174.551568,45.904457,174552822.0,45897155.0,1666529991.0,1666529996.0,1666530744.0,1666529958.0,2022-10-23 13:16:26,1666529960.0,2022-10-23 12:59:18,2022-10-23 12:58:00,
22267,20221023,22102,22267,240,2,1,1,2022-10-23 13:48:52,0,399,174.526278,45.853146,174.546629,45.857915,174527638.0,45852587.0,1666531220.0,1666531228.0,1666531641.0,1666530174.0,2022-10-23 13:45:40,1666530832.0,2022-10-23 13:02:54,2022-10-23 13:02:00,
22268,20221023,22103,22268,4164,13,1,1,2022-10-23 13:37:11,0,161,174.57245,45.890427,174.573533,45.869026,174566983.0,45895342.0,1666530894.0,1666530905.0,1666531538.0,1666530304.0,2022-10-23 13:35:21,1666530313.0,2022-10-23 13:05:04,2022-10-23 13:04:00,
2766,20221023,2765,2766,757,1,1,1,2022-10-23 13:52:29,0,1437,174.525727,45.907695,174.540009,45.942561,174527582.0,45912453.0,1666531010.0,1666531015.0,1666531323.0,1666530664.0,2022-10-23 13:52:57,1666530743.0,2022-10-23 13:11:04,2022-10-23 13:10:00,
15662,20221023,15576,15662,571,20,1,1,2022-10-23 13:53:57,0,1644,174.510069,45.862581,174.507724,45.856116,174531062.0,45860036.0,1666531100.0,1666531112.0,1666531725.0,1666531075.0,2022-10-23 13:37:50,1666531078.0,2022-10-23 13:17:55,2022-10-23 13:16:00,
